
<resources>
    <color name="seed">#20c77c</color>
    <color name="md_theme_light_primary">#006D40</color>
    <color name="md_theme_light_onPrimary">#FFFFFF</color>
    <color name="md_theme_light_primaryContainer">#69FDAC</color>
    <color name="md_theme_light_onPrimaryContainer">#002110</color>
    <color name="md_theme_light_secondary">#0061A5</color>
    <color name="md_theme_light_onSecondary">#FFFFFF</color>
    <color name="md_theme_light_secondaryContainer">#D2E4FF</color>
    <color name="md_theme_light_onSecondaryContainer">#001C37</color>
    <color name="md_theme_light_tertiary">#3B6470</color>
    <color name="md_theme_light_onTertiary">#FFFFFF</color>
    <color name="md_theme_light_tertiaryContainer">#BFE9F8</color>
    <color name="md_theme_light_onTertiaryContainer">#001F27</color>
    <color name="md_theme_light_error">#BA1A1A</color>
    <color name="md_theme_light_errorContainer">#FFDAD6</color>
    <color name="md_theme_light_onError">#FFFFFF</color>
    <color name="md_theme_light_onErrorContainer">#410002</color>
    <color name="md_theme_light_background">#FBFDF8</color>
    <color name="md_theme_light_onBackground">#191C1A</color>
    <color name="md_theme_light_surface">#FBFDF8</color>
    <color name="md_theme_light_onSurface">#191C1A</color>
    <color name="md_theme_light_surfaceVariant">#DCE5DB</color>
    <color name="md_theme_light_onSurfaceVariant">#414942</color>
    <color name="md_theme_light_outline">#717972</color>
    <color name="md_theme_light_inverseOnSurface">#F0F1EC</color>
    <color name="md_theme_light_inverseSurface">#2E312E</color>
    <color name="md_theme_light_inversePrimary">#47E092</color>
    <color name="md_theme_light_shadow">#000000</color>
    <color name="md_theme_light_surfaceTint">#006D40</color>
    <color name="md_theme_light_outlineVariant">#C0C9C0</color>
    <color name="md_theme_light_scrim">#000000</color>
    <color name="md_theme_dark_primary">#47E092</color>
    <color name="md_theme_dark_onPrimary">#00391F</color>
    <color name="md_theme_dark_primaryContainer">#00522F</color>
    <color name="md_theme_dark_onPrimaryContainer">#69FDAC</color>
    <color name="md_theme_dark_secondary">#9FCAFF</color>
    <color name="md_theme_dark_onSecondary">#003259</color>
    <color name="md_theme_dark_secondaryContainer">#00497E</color>
    <color name="md_theme_dark_onSecondaryContainer">#D2E4FF</color>
    <color name="md_theme_dark_tertiary">#A3CDDB</color>
    <color name="md_theme_dark_onTertiary">#033641</color>
    <color name="md_theme_dark_tertiaryContainer">#224C58</color>
    <color name="md_theme_dark_onTertiaryContainer">#BFE9F8</color>
    <color name="md_theme_dark_error">#FFB4AB</color>
    <color name="md_theme_dark_errorContainer">#93000A</color>
    <color name="md_theme_dark_onError">#690005</color>
    <color name="md_theme_dark_onErrorContainer">#FFDAD6</color>
    <color name="md_theme_dark_background">#191C1A</color>
    <color name="md_theme_dark_onBackground">#E1E3DE</color>
    <color name="md_theme_dark_surface">#191C1A</color>
    <color name="md_theme_dark_onSurface">#E1E3DE</color>
    <color name="md_theme_dark_surfaceVariant">#414942</color>
    <color name="md_theme_dark_onSurfaceVariant">#C0C9C0</color>
    <color name="md_theme_dark_outline">#8A938B</color>
    <color name="md_theme_dark_inverseOnSurface">#191C1A</color>
    <color name="md_theme_dark_inverseSurface">#E1E3DE</color>
    <color name="md_theme_dark_inversePrimary">#006D40</color>
    <color name="md_theme_dark_shadow">#000000</color>
    <color name="md_theme_dark_surfaceTint">#47E092</color>
    <color name="md_theme_dark_outlineVariant">#414942</color>
    <color name="md_theme_dark_scrim">#000000</color>
</resources>
